East Bay Municipal Utilities District,East Bay Municipal Utilities ,East Bay Municipal Utilities ,East Bay Municipal Utilities ,East Bay Municipal Utilities ,East Bay Municipal Utilities Morro Bay  City of,Morro Bay  City of,Morro Bay  ,Morro Bay  ,Morro Bay  ,Morro Bay  Yorba Linda Water District,Yorba Linda Water ,Yorba Linda Water ,Yorba Linda  ,Yorba Linda  ,Yorba Linda  California City  City of,California City  City of,California City  ,California City  ,California City  ,California City  Long Beach  City of,Long Beach  City of,Long Beach  ,Long Beach  ,Long Beach  ,Long Beach  "Los Banos, City of","Los Banos, City of","Los Banos, ","Los Banos, ",Los Banos ,Los Banos Turlock  City of,Turlock  City of,Turlock  ,Turlock  ,Turlock  ,Turlock  Jurupa Community Service District,Jurupa Community Service ,Jurupa Community Service ,Jurupa Community Service ,Jurupa Community Service ,Jurupa  Service Coastside County Water District,Coastside County Water ,Coastside County Water ,Coastside County  ,Coastside County  ,Coastside County  Citrus Heights Water District,Citrus Heights Water ,Citrus Heights Water ,Citrus Heights  ,Citrus Heights  ,Citrus Heights  Burlingame  City of,Burlingame  City of,Burlingame  ,Burlingame  ,Burlingame  ,Burlingame  Orange Vale Water Company,Orange Vale Water Company,Orange Vale Water Company,Orange Vale  Company,Orange Vale  Company,Orange Vale  CompanyDublin San Ramon Services District,Dublin San Ramon Services ,Dublin San Ramon Services ,Dublin San Ramon Services ,Dublin San Ramon Services ,Dublin San Ramon Services Los Angeles Department of Water and Power,Los Angeles Department of Water and Power,Los Angeles Department of Water and Power,Los Angeles Department of  and Power,Los Angeles Department of  and Power,Los Angeles Department of  and PowerCamrosa Water District,Camrosa Water ,Camrosa Water ,Camrosa  ,Camrosa  ,Camrosa  El Dorado Irrigation District,El Dorado Irrigation ,El Dorado Irrigation ,El Dorado Irrigation ,El Dorado Irrigation ,El Dorado Irrigation El Centro  City of,El Centro  City of,El Centro  ,El Centro  ,El Centro  ,El Centro  Milpitas  City of,Milpitas  City of,Milpitas  ,Milpitas  ,Milpitas  ,Milpitas  Santa Rosa  City of,Santa Rosa  City of,Santa Rosa  ,Santa Rosa  ,Santa Rosa  ,Santa Rosa  Westminster  City of,Westminster  City of,Westminster  ,Westminster  ,Westminster  ,Westminster  Poway  City of,Poway  City of,Poway  ,Poway  ,Poway  ,Poway  Mid-Peninsula Water District,Mid-Peninsula Water ,Mid-Peninsula Water ,Mid-Peninsula  ,Mid-Peninsula  ,Mid-Peninsula  Olivenhain Municipal Water District,Olivenhain Municipal Water ,Olivenhain Municipal Water ,Olivenhain Municipal  ,Olivenhain Municipal  ,Olivenhain Municipal  San Diego  City of,San Diego  City of,San Diego  ,San Diego  ,San Diego  ,San Diego  Daly City  City of,Daly City  City of,Daly City  ,Daly City  ,Daly City  ,Daly City  San Lorenzo Valley Water District,San Lorenzo Valley Water ,San Lorenzo Valley Water ,San Lorenzo Valley  ,San Lorenzo Valley  ,San Lorenzo Valley  Delano  City of,Delano  City of,Delano  ,Delano  ,Delano  ,Delano  Anaheim  City of,Anaheim  City of,Anaheim  ,Anaheim  ,Anaheim  ,Anaheim  South Tahoe Public Utilities District,South Tahoe Public Utilities ,South Tahoe Public Utilities ,South Tahoe Public Utilities ,South Tahoe Public Utilities ,South Tahoe Public Utilities Elsinore Valley Municipal Water District,Elsinore Valley Municipal Water ,Elsinore Valley Municipal Water ,Elsinore Valley Municipal  ,Elsinore Valley Municipal  ,Elsinore Valley Municipal  Coachella Valley Water District,Coachella Valley Water ,Coachella Valley Water ,Coachella Valley  ,Coachella Valley  ,Coachella Valley  Lake Hemet Municipal Water District,Lake Hemet Municipal Water ,Lake Hemet Municipal Water ,Lake Hemet Municipal  ,Lake Hemet Municipal  ,Lake Hemet Municipal  Carmichael Water District,Carmichael Water ,Carmichael Water ,Carmichael  ,Carmichael  ,Carmichael  Monte Vista Water District,Monte Vista Water ,Monte Vista Water ,Monte Vista  ,Monte Vista  ,Monte Vista  Pleasanton  City of,Pleasanton  City of,Pleasanton  ,Pleasanton  ,Pleasanton  ,Pleasanton  Santa Monica  City of,Santa Monica  City of,Santa Monica  ,Santa Monica  ,Santa Monica  ,Santa Monica  Riverside  City of,Riverside  City of,Riverside  ,Riverside  ,Riverside  ,Riverside  Contra Costa Water District,Contra Costa Water ,Contra Costa Water ,Contra Costa  ,Contra Costa  ,Contra Costa  "Imperial, City of","Imperial, City of","Imperial, ","Imperial, ",Imperial ,Imperial California Water Service Company Antelope Valley,California Water Service Company Antelope Valley,California Water Service Company Antelope Valley,California  Service Company Antelope Valley,California  Service Company Antelope Valley,California  Service Company Antelope ValleyIrvine Ranch Water District,Irvine Ranch Water ,Irvine Ranch Water ,Irvine Ranch  ,Irvine Ranch  ,Irvine Ranch  Watsonville  City of,Watsonville  City of,Watsonville  ,Watsonville  ,Watsonville  ,Watsonville  San Jose  City of,San Jose  City of,San Jose  ,San Jose  ,San Jose  ,San Jose  Dinuba  City of,Dinuba  City of,Dinuba  ,Dinuba  ,Dinuba  ,Dinuba  Casitas Municipal Water District,Casitas Municipal Water ,Casitas Municipal Water ,Casitas Municipal  ,Casitas Municipal  ,Casitas Municipal  Sacramento Suburban Water District,Sacramento Suburban Water ,Sacramento Suburban Water ,Sacramento Suburban  ,Sacramento Suburban  ,Sacramento Suburban  San Jose Water Company,San Jose Water Company,San Jose Water Company,San Jose  Company,San Jose  Company,San Jose  CompanyRowland Water District,Rowland Water ,Rowland Water ,Rowland  ,Rowland  ,Rowland  Folsom  City of,Folsom  City of,Folsom  ,Folsom  ,Folsom  ,Folsom  Chino  City of,Chino  City of,Chino  ,Chino  ,Chino  ,Chino  Hi-Desert Water District,Hi-Desert Water ,Hi-Desert Water ,Hi-Desert  ,Hi-Desert  ,Hi-Desert  "Soledad, City of","Soledad, City of","Soledad, ","Soledad, ",Soledad ,Soledad North Marin Water District,North Marin Water ,North Marin Water ,North Marin  ,North Marin  ,North Marin  Marin Municipal Water District,Marin Municipal Water ,Marin Municipal Water ,Marin Municipal  ,Marin Municipal  ,Marin Municipal  Shafter  City of,Shafter  City of,Shafter  ,Shafter  ,Shafter  ,Shafter  "Windsor, Town of","Windsor, Town of","Windsor, Town of","Windsor, Town of",Windsor Town of,Windsor Town ofIndian Wells Valley Water District,Indian Wells Valley Water ,Indian Wells Valley Water ,Indian Wells Valley  ,Indian Wells Valley  ,Indian Wells Valley  San Francisco Public Utilities Commission,San Francisco Public Utilities Commission,San Francisco Public Utilities Commission,San Francisco Public Utilities Commission,San Francisco Public Utilities Commission,San Francisco Public Utilities CommissionBrawley  City of,Brawley  City of,Brawley  ,Brawley  ,Brawley  ,Brawley  Ontario  City of,Ontario  City of,Ontario  ,Ontario  ,Ontario  ,Ontario  Huntington Beach  City of,Huntington Beach  City of,Huntington Beach  ,Huntington Beach  ,Huntington Beach  ,Huntington Beach  Calaveras County Water District,Calaveras County Water ,Calaveras County Water ,Calaveras County  ,Calaveras County  ,Calaveras County  Humboldt Bay Municipal Water District,Humboldt Bay Municipal Water ,Humboldt Bay Municipal Water ,Humboldt Bay Municipal  ,Humboldt Bay Municipal  ,Humboldt Bay Municipal  Santa Maria  City of,Santa Maria  City of,Santa Maria  ,Santa Maria  ,Santa Maria  ,Santa Maria  Yuba City  City of,Yuba City  City of,Yuba City  ,Yuba City  ,Yuba City  ,Yuba City  Escondido  City of,Escondido  City of,Escondido  ,Escondido  ,Escondido  ,Escondido  Los Angeles County Public Works Waterworks District 29,Los Angeles County Public Works Waterworks  29,Los Angeles County Public Works Waterworks  29,Los Angeles County Public Works works  29,Los Angeles County Public Works works  29,Los Angeles County Public Works works  29Placer County Water Agency,Placer County Water Agency,Placer County Water Agency,Placer County  Agency,Placer County  Agency,Placer County  AgencyCorona  City of,Corona  City of,Corona  ,Corona  ,Corona  ,Corona  Burbank  City of,Burbank  City of,Burbank  ,Burbank  ,Burbank  ,Burbank  Camarillo  City of,Camarillo  City of,Camarillo  ,Camarillo  ,Camarillo  ,Camarillo  Blythe  City of,Blythe  City of,Blythe  ,Blythe  ,Blythe  ,Blythe  Roseville  City of,Roseville  City of,Roseville  ,Roseville  ,Roseville  ,Roseville  Vista Irrigation District,Vista Irrigation ,Vista Irrigation ,Vista Irrigation ,Vista Irrigation ,Vista Irrigation West Valley Water District,West Valley Water ,West Valley Water ,West Valley  ,West Valley  ,West Valley  Napa  City of,Napa  City of,Napa  ,Napa  ,Napa  ,Napa  Mission Springs Water District,Mission Springs Water ,Mission Springs Water ,Mission Springs  ,Mission Springs  ,Mission Springs  Los Angeles County Public Works Waterworks District 40,Los Angeles County Public Works Waterworks  40,Los Angeles County Public Works Waterworks  40,Los Angeles County Public Works works  40,Los Angeles County Public Works works  40,Los Angeles County Public Works works  40Nevada Irrigation District,Nevada Irrigation ,Nevada Irrigation ,Nevada Irrigation ,Nevada Irrigation ,Nevada Irrigation Alameda County Water District,Alameda County Water ,Alameda County Water ,Alameda County  ,Alameda County  ,Alameda County  Hawthorne  City of,Hawthorne  City of,Hawthorne  ,Hawthorne  ,Hawthorne  ,Hawthorne  Nipomo Community Services District,Nipomo Community Services ,Nipomo Community Services ,Nipomo Community Services ,Nipomo Community Services ,Nipomo  Services Rancho California Water District,Rancho California Water ,Rancho California Water ,Rancho California  ,Rancho California  ,Rancho California  Rainbow Municipal Water District,Rainbow Municipal Water ,Rainbow Municipal Water ,Rainbow Municipal  ,Rainbow Municipal  ,Rainbow Municipal  Oceanside  City of,Oceanside  City of,Oceanside  ,Oceanside  ,Oceanside  ,Oceanside  Western Municipal Water District of Riverside,Western Municipal Water  of Riverside,Western Municipal Water  of Riverside,Western Municipal   of Riverside,Western Municipal   of Riverside,Western Municipal   of RiversideTahoe City Public Utilities District,Tahoe City Public Utilities ,Tahoe City Public Utilities ,Tahoe City Public Utilities ,Tahoe City Public Utilities ,Tahoe City Public Utilities Calexico  City of,Calexico  City of,Calexico  ,Calexico  ,Calexico  ,Calexico  Lompoc  City of,Lompoc  City of,Lompoc  ,Lompoc  ,Lompoc  ,Lompoc  California Water Service Company Bakersfield,California Water Service Company Bakersfield,California Water Service Company Bakersfield,California  Service Company Bakersfield,California  Service Company Bakersfield,California  Service Company BakersfieldAmador Water Agency,Amador Water Agency,Amador Water Agency,Amador  Agency,Amador  Agency,Amador  AgencyCalifornia Water Service Company Oroville,California Water Service Company Oroville,California Water Service Company Oroville,California  Service Company Oroville,California  Service Company Oroville,California  Service Company OrovilleTrabuco Canyon Water District,Trabuco Canyon Water ,Trabuco Canyon Water ,Trabuco Canyon  ,Trabuco Canyon  ,Trabuco Canyon  Otay Water District,Otay Water ,Otay Water ,Otay  ,Otay  ,Otay  Truckee-Donner Public Utilities District,Truckee-Donner Public Utilities ,Truckee-Donner Public Utilities ,Truckee-Donner Public Utilities ,Truckee-Donner Public Utilities ,Truckee-Donner Public Utilities "Modesto, City of","Modesto, City of","Modesto, ","Modesto, ",Modesto ,Modesto Joshua Basin Water District,Joshua Basin Water ,Joshua Basin Water ,Joshua Basin  ,Joshua Basin  ,Joshua Basin  Santa Barbara  City of,Santa Barbara  City of,Santa Barbara  ,Santa Barbara  ,Santa Barbara  ,Santa Barbara  Tuolumne Utilities District,Tuolumne Utilities ,Tuolumne Utilities ,Tuolumne Utilities ,Tuolumne Utilities ,Tuolumne Utilities Sacramento County Water Agency,Sacramento County Water Agency,Sacramento County Water Agency,Sacramento County  Agency,Sacramento County  Agency,Sacramento County  AgencySan Buenaventura  City of,San Buenaventura  City of,San Buenaventura  ,San Buenaventura  ,San Buenaventura  ,San Buenaventura  Elk Grove Water Service,Elk Grove Water Service,Elk Grove Water Service,Elk Grove  Service,Elk Grove  Service,Elk Grove  ServiceNewhall County Water District,Newhall County Water ,Newhall County Water ,Newhall County  ,Newhall County  ,Newhall County  Valencia Water Company,Valencia Water Company,Valencia Water Company,Valencia  Company,Valencia  Company,Valencia  CompanyCastaic Lake Water Agency Santa Clarita Water Division,Castaic Lake Water Agency Santa Clarita Water Division,Castaic Lake Water Agency Santa Clarita Water Division,Castaic Lake  Agency Santa Clarita  Division,Castaic Lake  Agency Santa Clarita  Division,Castaic Lake  Agency Santa Clarita  DivisionCalifornia Water Service Company East Los Angeles,California Water Service Company East Los Angeles,California Water Service Company East Los Angeles,California  Service Company East Los Angeles,California  Service Company East Los Angeles,California  Service Company East Los AngelesExeter  City of,Exeter  City of,Exeter  ,Exeter  ,Exeter  ,Exeter  "Rio Vista, city of","Rio Vista, city of","Rio Vista, city of","Rio Vista, city of",Rio Vista city of,Rio Vista city ofSweetwater Springs Water District,Sweetwater Springs Water ,Sweetwater Springs Water ,Sweetwater Springs  ,Sweetwater Springs  ,Sweetwater Springs  California Water Service Company Visalia,California Water Service Company Visalia,California Water Service Company Visalia,California  Service Company Visalia,California  Service Company Visalia,California  Service Company VisaliaCalifornia Water Service Company Selma,California Water Service Company Selma,California Water Service Company Selma,California  Service Company Selma,California  Service Company Selma,California  Service Company SelmaCalifornia Water Service Company Chico District,California Water Service Company Chico ,California Water Service Company Chico ,California  Service Company Chico ,California  Service Company Chico ,California  Service Company Chico Soquel Creek Water District,Soquel Creek Water ,Soquel Creek Water ,Soquel Creek  ,Soquel Creek  ,Soquel Creek  East Valley Water District,East Valley Water ,East Valley Water ,East Valley  ,East Valley  ,East Valley  California Water Service Company Bear Gulch,California Water Service Company Bear Gulch,California Water Service Company Bear Gulch,California  Service Company Bear Gulch,California  Service Company Bear Gulch,California  Service Company Bear GulchBuena Park  City of,Buena Park  City of,Buena Park  ,Buena Park  ,Buena Park  ,Buena Park  South Gate  City of,South Gate  City of,South Gate  ,South Gate  ,South Gate  ,South Gate  Hillsborough  Town of,Hillsborough  Town of,Hillsborough  Town of,Hillsborough  Town of,Hillsborough  Town of,Hillsborough  Town of"California Water Service Company Dixon, City of","California Water Service Company Dixon, City of","California Water Service Company Dixon, ","California  Service Company Dixon, ",California  Service Company Dixon ,California  Service Company Dixon Redlands  City of,Redlands  City of,Redlands  ,Redlands  ,Redlands  ,Redlands  San Juan Water District,San Juan Water ,San Juan Water ,San Juan  ,San Juan  ,San Juan  Fountain Valley  City of,Fountain Valley  City of,Fountain Valley  ,Fountain Valley  ,Fountain Valley  ,Fountain Valley  California Water Service Company Dominguez,California Water Service Company Dominguez,California Water Service Company Dominguez,California  Service Company Dominguez,California  Service Company Dominguez,California  Service Company DominguezHayward  City of,Hayward  City of,Hayward  ,Hayward  ,Hayward  ,Hayward  California Water Service Company Hermosa/Redondo,California Water Service Company Hermosa/Redondo,California Water Service Company Hermosa/Redondo,California  Service Company Hermosa/Redondo,California  Service Company Hermosa/Redondo,California  Service Company Hermosa/RedondoCalifornia Water Service Company King City,California Water Service Company King City,California Water Service Company King City,California  Service Company King City,California  Service Company King City,California  Service Company King CityYucaipa Valley Water District,Yucaipa Valley Water ,Yucaipa Valley Water ,Yucaipa Valley  ,Yucaipa Valley  ,Yucaipa Valley  San Bernardino  City of,San Bernardino  City of,San Bernardino  ,San Bernardino  ,San Bernardino  ,San Bernardino  Sacramento  City of,Sacramento  City of,Sacramento  ,Sacramento  ,Sacramento  ,Sacramento  California Water Service Company Kern River Valley,California Water Service Company Kern River Valley,California Water Service Company Kern River Valley,California  Service Company Kern River Valley,California  Service Company Kern River Valley,California  Service Company Kern River ValleyCalifornia Water Service Company Los Altos/Suburban,California Water Service Company Los Altos/Suburban,California Water Service Company Los Altos/Suburban,California  Service Company Los Altos/Suburban,California  Service Company Los Altos/Suburban,California  Service Company Los Altos/SuburbanHanford  City of,Hanford  City of,Hanford  ,Hanford  ,Hanford  ,Hanford  California Water Service Company Livermore,California Water Service Company Livermore,California Water Service Company Livermore,California  Service Company Livermore,California  Service Company Livermore,California  Service Company LivermoreWest Kern Water District,West Kern Water ,West Kern Water ,West Kern  ,West Kern  ,West Kern  Paso Robles  City of,Paso Robles  City of,Paso Robles  ,Paso Robles  ,Paso Robles  ,Paso Robles  Pismo Beach  City of,Pismo Beach  City of,Pismo Beach  ,Pismo Beach  ,Pismo Beach  ,Pismo Beach  California Water Service Company Marysville,California Water Service Company Marysville,California Water Service Company Marysville,California  Service Company Marysville,California  Service Company Marysville,California  Service Company MarysvilleMadera  City of,Madera  City of,Madera  ,Madera  ,Madera  ,Madera  Hemet  City of,Hemet  City of,Hemet  ,Hemet  ,Hemet  ,Hemet  California Water Service Company Mid Peninsula,California Water Service Company Mid Peninsula,California Water Service Company Mid Peninsula,California  Service Company Mid Peninsula,California  Service Company Mid Peninsula,California  Service Company Mid PeninsulaCalifornia Water Service Company Palos Verdes,California Water Service Company Palos Verdes,California Water Service Company Palos Verdes,California  Service Company Palos Verdes,California  Service Company Palos Verdes,California  Service Company Palos Verdes"Colton, City of","Colton, City of","Colton, ","Colton, ",Colton ,Colton California Water Service Company Redwood Valley,California Water Service Company Redwood Valley,California Water Service Company Redwood Valley,California  Service Company Redwood Valley,California  Service Company Redwood Valley,California  Service Company Redwood ValleyBrea  City of,Brea  City of,Brea  ,Brea  ,Brea  ,Brea  California Water Service Company Salinas District,California Water Service Company Salinas ,California Water Service Company Salinas ,California  Service Company Salinas ,California  Service Company Salinas ,California  Service Company Salinas Wasco  City of,Wasco  City of,Wasco  ,Wasco  ,Wasco  ,Wasco  California Water Service Company South San Francisco,California Water Service Company South San Francisco,California Water Service Company South San Francisco,California  Service Company South San Francisco,California  Service Company South San Francisco,California  Service Company South San Francisco"Tulare, City of","Tulare, City of","Tulare, ","Tulare, ",Tulare ,Tulare California Water Service Company Stockton,California Water Service Company Stockton,California Water Service Company Stockton,California  Service Company Stockton,California  Service Company Stockton,California  Service Company StocktonCalifornia Water Service Company Willows,California Water Service Company Willows,California Water Service Company Willows,California  Service Company Willows,California  Service Company Willows,California  Service Company WillowsCalifornia Water Service Company Westlake,California Water Service Company Westlake,California Water Service Company Westlake,California  Service Company Westlake,California  Service Company Westlake,California  Service Company Westlake"East Palo Alto, City of","East Palo Alto, City of","East Palo Alto, ","East Palo Alto, ",East Palo Alto ,East Palo Alto Banning  City of,Banning  City of,Banning  ,Banning  ,Banning  ,Banning  Benicia  City of,Benicia  City of,Benicia  ,Benicia  ,Benicia  ,Benicia  Westborough Water District,Westborough Water ,Westborough Water ,Westborough  ,Westborough  ,Westborough  Woodland  City of,Woodland  City of,Woodland  ,Woodland  ,Woodland  ,Woodland  Mountain View  City of,Mountain View  City of,Mountain View  ,Mountain View  ,Mountain View  ,Mountain View  Mammoth Community Water District,Mammoth Community Water ,Mammoth Community Water ,Mammoth Community  ,Mammoth Community  ,Mammoth   Antioch  City of,Antioch  City of,Antioch  ,Antioch  ,Antioch  ,Antioch  Estero Municipal Improvement District,Estero Municipal Improvement ,Estero Municipal Improvement ,Estero Municipal Improvement ,Estero Municipal Improvement ,Estero Municipal Improvement East Orange County Water District,East Orange County Water ,East Orange County Water ,East Orange County  ,East Orange County  ,East Orange County  Triunfo Sanitation District / Oak Park Water Service,Triunfo Sanitation  / Oak Park Water Service,Triunfo Sanitation  / Oak Park Water Service,Triunfo Sanitation  / Oak Park  Service,Triunfo Sanitation  / Oak Park  Service,Triunfo Sanitation  / Oak Park  ServiceVallecitos Water District,Vallecitos Water ,Vallecitos Water ,Vallecitos  ,Vallecitos  ,Vallecitos  Indio  City of,Indio  City of,Indio  ,Indio  ,Indio  ,Indio  Sunnyvale  City of,Sunnyvale  City of,Sunnyvale  ,Sunnyvale  ,Sunnyvale  ,Sunnyvale  Santa Cruz  City of,Santa Cruz  City of,Santa Cruz  ,Santa Cruz  ,Santa Cruz  ,Santa Cruz  Fortuna  City of,Fortuna  City of,Fortuna  ,Fortuna  ,Fortuna  ,Fortuna  Clovis  City of,Clovis  City of,Clovis  ,Clovis  ,Clovis  ,Clovis  East Niles Community Service District,East Niles Community Service ,East Niles Community Service ,East Niles Community Service ,East Niles Community Service ,East Niles  Service Loma Linda  City of *,Loma Linda  City of *,Loma Linda   *,Loma Linda   *,Loma Linda   *,Loma Linda   *Loma Linda  City of,Loma Linda  City of,Loma Linda  ,Loma Linda  ,Loma Linda  ,Loma Linda  Eastern Municipal Water District,Eastern Municipal Water ,Eastern Municipal Water ,Eastern Municipal  ,Eastern Municipal  ,Eastern Municipal  Martinez  City of,Martinez  City of,Martinez  ,Martinez  ,Martinez  ,Martinez  El Monte  City of,El Monte  City of,El Monte  ,El Monte  ,El Monte  ,El Monte  Marina Coast Water District,Marina Coast Water ,Marina Coast Water ,Marina Coast  ,Marina Coast  ,Marina Coast  Vacaville  City of,Vacaville  City of,Vacaville  ,Vacaville  ,Vacaville  ,Vacaville  Pittsburg  City of,Pittsburg  City of,Pittsburg  ,Pittsburg  ,Pittsburg  ,Pittsburg  San Bruno  City of,San Bruno  City of,San Bruno  ,San Bruno  ,San Bruno  ,San Bruno  "American Canyon, City of","American Canyon, City of","American Canyon, ","American Canyon, ",American Canyon ,American Canyon Oildale Mutual Water Company,Oildale Mutual Water Company,Oildale Mutual Water Company,Oildale Mutual  Company,Oildale Mutual  Company,Oildale Mutual  CompanyLivermore  City of Division of Water Resources,Livermore  City of Division of Water Resources,Livermore   Division of Water Resources,Livermore   Division of  Resources,Livermore   Division of  Resources,Livermore   Division of  ResourcesGilroy  City of,Gilroy  City of,Gilroy  ,Gilroy  ,Gilroy  ,Gilroy  Crescenta Valley Water District,Crescenta Valley Water ,Crescenta Valley Water ,Crescenta Valley  ,Crescenta Valley  ,Crescenta Valley  Downey  City of,Downey  City of,Downey  ,Downey  ,Downey  ,Downey  San Gabriel Valley Water Company,San Gabriel Valley Water Company,San Gabriel Valley Water Company,San Gabriel Valley  Company,San Gabriel Valley  Company,San Gabriel Valley  CompanySanta Clara  City of,Santa Clara  City of,Santa Clara  ,Santa Clara  ,Santa Clara  ,Santa Clara  Paradise Irrigation District,Paradise Irrigation ,Paradise Irrigation ,Paradise Irrigation ,Paradise Irrigation ,Paradise Irrigation Scotts Valley Water District,Scotts Valley Water ,Scotts Valley Water ,Scotts Valley  ,Scotts Valley  ,Scotts Valley  Lincoln  City of,Lincoln  City of,Lincoln  ,Lincoln  ,Lincoln  ,Lincoln  Vaughn Water Company,Vaughn Water Company,Vaughn Water Company,Vaughn  Company,Vaughn  Company,Vaughn  CompanyMcKinleyville Community Service District,McKinleyville Community Service ,McKinleyville Community Service ,McKinleyville Community Service ,McKinleyville Community Service ,McKinleyville  Service Cambria Community Services District,Cambria Community Services ,Cambria Community Services ,Cambria Community Services ,Cambria Community Services ,Cambria  Services Montebello Land and Water Company,Montebello Land and Water Company,Montebello Land and Water Company,Montebello Land and  Company,Montebello Land and  Company,Montebello Land and  CompanyHumboldt Community Service District,Humboldt Community Service ,Humboldt Community Service ,Humboldt Community Service ,Humboldt Community Service ,Humboldt  Service Rohnert Park  City of,Rohnert Park  City of,Rohnert Park  ,Rohnert Park  ,Rohnert Park  ,Rohnert Park  Valley of the Moon Water District,Valley of the Moon Water ,Valley of the Moon Water ,Valley of the Moon  ,Valley of the Moon  ,Valley of the Moon  Bellflower-Somerset Mutual Water Company,Bellflower-Somerset Mutual Water Company,Bellflower-Somerset Mutual Water Company,Bellflower-Somerset Mutual  Company,Bellflower-Somerset Mutual  Company,Bellflower-Somerset Mutual  CompanyPort Hueneme  City of,Port Hueneme  City of,Port Hueneme  ,Port Hueneme  ,Port Hueneme  ,Port Hueneme  Petaluma  City of,Petaluma  City of,Petaluma  ,Petaluma  ,Petaluma  ,Petaluma  Eureka  City of,Eureka  City of,Eureka  ,Eureka  ,Eureka  ,Eureka  Diablo Water District,Diablo Water ,Diablo Water ,Diablo  ,Diablo  ,Diablo  El Toro Water District,El Toro Water ,El Toro Water ,El Toro  ,El Toro  ,El Toro  Brentwood  City of,Brentwood  City of,Brentwood  ,Brentwood  ,Brentwood  ,Brentwood  Tracy  City of,Tracy  City of,Tracy  ,Tracy  ,Tracy  ,Tracy  Menlo Park  City of,Menlo Park  City of,Menlo Park  ,Menlo Park  ,Menlo Park  ,Menlo Park  Patterson  City of,Patterson  City of,Patterson  ,Patterson  ,Patterson  ,Patterson  Garden Grove  City of,Garden Grove  City of,Garden Grove  ,Garden Grove  ,Garden Grove  ,Garden Grove  Merced  City of,Merced  City of,Merced  ,Merced  ,Merced  ,Merced  San Gabriel Valley Fontana Water Company,San Gabriel Valley Fontana Water Company,San Gabriel Valley Fontana Water Company,San Gabriel Valley Fontana  Company,San Gabriel Valley Fontana  Company,San Gabriel Valley Fontana  CompanyHesperia Water District City of,Hesperia Water  City of,Hesperia Water  ,Hesperia   ,Hesperia   ,Hesperia   Moulton Niguel Water District,Moulton Niguel Water ,Moulton Niguel Water ,Moulton Niguel  ,Moulton Niguel  ,Moulton Niguel  Oxnard  City of,Oxnard  City of,Oxnard  ,Oxnard  ,Oxnard  ,Oxnard  "Tehachapi, City of","Tehachapi, City of","Tehachapi, ","Tehachapi, ",Tehachapi ,Tehachapi La Habra  City of Public Works,La Habra  City of Public Works,La Habra   Public Works,La Habra   Public Works,La Habra   Public Works,La Habra   Public WorksLake Arrowhead Community Services District,Lake Arrowhead Community Services ,Lake Arrowhead Community Services ,Lake Arrowhead Community Services ,Lake Arrowhead Community Services ,Lake Arrowhead  Services "City of Big Bear Lake, Dept of Water & Power","City of Big Bear Lake, Dept of Water & Power"," Big Bear Lake, Dept of Water & Power"," Big Bear Lake, Dept of  & Power", Big Bear Lake Dept of  & Power, Big Bear Lake Dept of  & PowerCerritos  City of,Cerritos  City of,Cerritos  ,Cerritos  ,Cerritos  ,Cerritos  Fresno  City of,Fresno  City of,Fresno  ,Fresno  ,Fresno  ,Fresno  Hollister  City of,Hollister  City of,Hollister  ,Hollister  ,Hollister  ,Hollister  Sunnyslope County Water District,Sunnyslope County Water ,Sunnyslope County Water ,Sunnyslope County  ,Sunnyslope County  ,Sunnyslope County  Laguna Beach County Water District,Laguna Beach County Water ,Laguna Beach County Water ,Laguna Beach County  ,Laguna Beach County  ,Laguna Beach County  California-American Water Company Los Angeles District,California-American Water Company Los Angeles ,California-American Water Company Los Angeles ,California-American  Company Los Angeles ,California-American  Company Los Angeles ,California-American  Company Los Angeles California-American Water Company San Diego District,California-American Water Company San Diego ,California-American Water Company San Diego ,California-American  Company San Diego ,California-American  Company San Diego ,California-American  Company San Diego California-American Water Ventura District,California-American Water Ventura ,California-American Water Ventura ,California-American  Ventura ,California-American  Ventura ,California-American  Ventura Stockton  City of,Stockton  City of,Stockton  ,Stockton  ,Stockton  ,Stockton  Lincoln Avenue Water Company,Lincoln Avenue Water Company,Lincoln Avenue Water Company,Lincoln Avenue  Company,Lincoln Avenue  Company,Lincoln Avenue  CompanyWhittier  City of,Whittier  City of,Whittier  ,Whittier  ,Whittier  ,Whittier  San Luis Obispo  City of,San Luis Obispo  City of,San Luis Obispo  ,San Luis Obispo  ,San Luis Obispo  ,San Luis Obispo  "Kerman, City of","Kerman, City of","Kerman, ","Kerman, ",Kerman ,Kerman La Palma  City of,La Palma  City of,La Palma  ,La Palma  ,La Palma  ,La Palma  Santa Margarita Water District,Santa Margarita Water ,Santa Margarita Water ,Santa Margarita  ,Santa Margarita  ,Santa Margarita  Mesa Water District,Mesa Water ,Mesa Water ,Mesa  ,Mesa  ,Mesa  California-American Water Company Monterey District,California-American Water Company Monterey ,California-American Water Company Monterey ,California-American  Company Monterey ,California-American  Company Monterey ,California-American  Company Monterey Arroyo Grande  City of,Arroyo Grande  City of,Arroyo Grande  ,Arroyo Grande  ,Arroyo Grande  ,Arroyo Grande  Suisun-Solano Water Authority,Suisun-Solano Water Authority,Suisun-Solano Water Authority,Suisun-Solano  Authority,Suisun-Solano  Authority,Suisun-Solano  AuthorityDavis  City of,Davis  City of,Davis  ,Davis  ,Davis  ,Davis  Linda County Water District,Linda County Water ,Linda County Water ,Linda County  ,Linda County  ,Linda County  Ceres  City of,Ceres  City of,Ceres  ,Ceres  ,Ceres  ,Ceres  Newport Beach  City of,Newport Beach  City of,Newport Beach  ,Newport Beach  ,Newport Beach  ,Newport Beach  Ventura County Waterworks District No. 8,Ventura County Waterworks  No. 8,Ventura County Waterworks  No. 8,Ventura County works  No. 8,Ventura County works  No. 8,Ventura County works  No. 8Arcata  City of,Arcata  City of,Arcata  ,Arcata  ,Arcata  ,Arcata  Crescent City  City of,Crescent City  City of,Crescent City  ,Crescent City  ,Crescent City  ,Crescent City  Crestline Village Water District,Crestline Village Water ,Crestline Village Water ,Crestline Village  ,Crestline Village  ,Crestline Village  South Coast Water District,South Coast Water ,South Coast Water ,South Coast  ,South Coast  ,South Coast  Bakman Water Company,Bakman Water Company,Bakman Water Company,Bakman  Company,Bakman  Company,Bakman  CompanyOrange  City of,Orange  City of,Orange  ,Orange  ,Orange  ,Orange  Fair Oaks Water District,Fair Oaks Water ,Fair Oaks Water ,Fair Oaks  ,Fair Oaks  ,Fair Oaks  Tustin  City of,Tustin  City of,Tustin  ,Tustin  ,Tustin  ,Tustin  Goleta Water District,Goleta Water ,Goleta Water ,Goleta  ,Goleta  ,Goleta  Adelanto City of,Adelanto City of,Adelanto ,Adelanto ,Adelanto ,Adelanto Seal Beach  City of,Seal Beach  City of,Seal Beach  ,Seal Beach  ,Seal Beach  ,Seal Beach  San Clemente  City of,San Clemente  City of,San Clemente  ,San Clemente  ,San Clemente  ,San Clemente  Azusa  City of,Azusa  City of,Azusa  ,Azusa  ,Azusa  ,Azusa  Alhambra  City of,Alhambra  City of,Alhambra  ,Alhambra  ,Alhambra  ,Alhambra  Apple Valley Ranchos Water Company,Apple Valley Ranchos Water Company,Apple Valley Ranchos Water Company,Apple Valley Ranchos  Company,Apple Valley Ranchos  Company,Apple Valley Ranchos  CompanyThousand Oaks  City of,Thousand Oaks  City of,Thousand Oaks  ,Thousand Oaks  ,Thousand Oaks  ,Thousand Oaks  Beverly Hills  City of,Beverly Hills  City of,Beverly Hills  ,Beverly Hills  ,Beverly Hills  ,Beverly Hills  Golden State Water Company Cowan Heights,Golden State Water Company Cowan Heights,Golden State Water Company Cowan Heights,Golden State  Company Cowan Heights,Golden State  Company Cowan Heights,Golden State  Company Cowan HeightsVictorville Water District,Victorville Water ,Victorville Water ,Victorville  ,Victorville  ,Victorville  Pomona  City of,Pomona  City of,Pomona  ,Pomona  ,Pomona  ,Pomona  Walnut Valley Water District,Walnut Valley Water ,Walnut Valley Water ,Walnut Valley  ,Walnut Valley  ,Walnut Valley  California-American Water Company Sacramento District,California-American Water Company Sacramento ,California-American Water Company Sacramento ,California-American  Company Sacramento ,California-American  Company Sacramento ,California-American  Company Sacramento Ventura County Waterworks District No 1,Ventura County Waterworks  No 1,Ventura County Waterworks  No 1,Ventura County works  No 1,Ventura County works  No 1,Ventura County works  No 1Great Oaks Water Company Incorporated,Great Oaks Water Company Incorporated,Great Oaks Water Company Incorporated,Great Oaks  Company Incorporated,Great Oaks  Company Incorporated,Great Oaks  Company IncorporatedCarlsbad Municipal Water District,Carlsbad Municipal Water ,Carlsbad Municipal Water ,Carlsbad Municipal  ,Carlsbad Municipal  ,Carlsbad Municipal  Golden State Water Company Placentia,Golden State Water Company Placentia,Golden State Water Company Placentia,Golden State  Company Placentia,Golden State  Company Placentia,Golden State  Company PlacentiaHuntington Park  City of,Huntington Park  City of,Huntington Park  ,Huntington Park  ,Huntington Park  ,Huntington Park  Helix Water District,Helix Water ,Helix Water ,Helix  ,Helix  ,Helix  Manhattan Beach  City of,Manhattan Beach  City of,Manhattan Beach  ,Manhattan Beach  ,Manhattan Beach  ,Manhattan Beach  Lakeside Water District,Lakeside Water ,Lakeside Water ,Lakeside  ,Lakeside  ,Lakeside  Carpinteria Valley Water District,Carpinteria Valley Water ,Carpinteria Valley Water ,Carpinteria Valley  ,Carpinteria Valley  ,Carpinteria Valley  Lakewood  City of,Lakewood  City of,Lakewood  ,Lakewood  ,Lakewood  ,Lakewood  Lynwood  City of,Lynwood  City of,Lynwood  ,Lynwood  ,Lynwood  ,Lynwood  Las Virgenes Municipal Water District,Las Virgenes Municipal Water ,Las Virgenes Municipal Water ,Las Virgenes Municipal  ,Las Virgenes Municipal  ,Las Virgenes Municipal  Chino Hills  City of,Chino Hills  City of,Chino Hills  ,Chino Hills  ,Chino Hills  ,Chino Hills  Lodi  City of Public Works Department,Lodi  City of Public Works Department,Lodi   Public Works Department,Lodi   Public Works Department,Lodi   Public Works Department,Lodi   Public Works DepartmentGolden State Water Company S Arcadia,Golden State Water Company S Arcadia,Golden State Water Company S Arcadia,Golden State  Company S Arcadia,Golden State  Company S Arcadia,Golden State  Company S ArcadiaLomita  City of,Lomita  City of,Lomita  ,Lomita  ,Lomita  ,Lomita  Golden State Water Company San Dimas,Golden State Water Company San Dimas,Golden State Water Company San Dimas,Golden State  Company San Dimas,Golden State  Company San Dimas,Golden State  Company San DimasRamona Municipal Water District,Ramona Municipal Water ,Ramona Municipal Water ,Ramona Municipal  ,Ramona Municipal  ,Ramona Municipal  Monrovia  City of,Monrovia  City of,Monrovia  ,Monrovia  ,Monrovia  ,Monrovia  North Coast County Water District,North Coast County Water ,North Coast County Water ,North Coast County  ,North Coast County  ,North Coast County  North Tahoe Public Utility District,North Tahoe Public Utility ,North Tahoe Public Utility ,North Tahoe Public Utility ,North Tahoe Public Utility ,North Tahoe Public Utility San Dieguito Water District,San Dieguito Water ,San Dieguito Water ,San Dieguito  ,San Dieguito  ,San Dieguito  Palmdale Water District,Palmdale Water ,Palmdale Water ,Palmdale  ,Palmdale  ,Palmdale  Olivehurst Public Utility District,Olivehurst Public Utility ,Olivehurst Public Utility ,Olivehurst Public Utility ,Olivehurst Public Utility ,Olivehurst Public Utility Twentynine Palms Water District,Twentynine Palms Water ,Twentynine Palms Water ,Twentynine Palms  ,Twentynine Palms  ,Twentynine Palms  Orchard Dale Water District,Orchard Dale Water ,Orchard Dale Water ,Orchard Dale  ,Orchard Dale  ,Orchard Dale  Phelan Pinon Hills Community Services District,Phelan Pinon Hills Community Services ,Phelan Pinon Hills Community Services ,Phelan Pinon Hills Community Services ,Phelan Pinon Hills Community Services ,Phelan Pinon Hills  Services "Yreka, City of","Yreka, City of","Yreka, ","Yreka, ",Yreka ,Yreka Rubidoux Community Service District,Rubidoux Community Service ,Rubidoux Community Service ,Rubidoux Community Service ,Rubidoux Community Service ,Rubidoux  Service Quartz Hill Water District,Quartz Hill Water ,Quartz Hill Water ,Quartz Hill  ,Quartz Hill  ,Quartz Hill  Pico Rivera  City of,Pico Rivera  City of,Pico Rivera  ,Pico Rivera  ,Pico Rivera  ,Pico Rivera  Rincon Del Diablo Municipal Water District,Rincon Del Diablo Municipal Water ,Rincon Del Diablo Municipal Water ,Rincon Del Diablo Municipal  ,Rincon Del Diablo Municipal  ,Rincon Del Diablo Municipal  San Fernando  City of,San Fernando  City of,San Fernando  ,San Fernando  ,San Fernando  ,San Fernando  Riverside Highland Water Company,Riverside Highland Water Company,Riverside Highland Water Company,Riverside Highland  Company,Riverside Highland  Company,Riverside Highland  CompanyRubio Canyon Land and Water Association,Rubio Canyon Land and Water Association,Rubio Canyon Land and Water Association,Rubio Canyon Land and  Association,Rubio Canyon Land and  Association,Rubio Canyon Land and  AssociationSanta Fe Springs  City of,Santa Fe Springs  City of,Santa Fe Springs  ,Santa Fe Springs  ,Santa Fe Springs  ,Santa Fe Springs  San Bernardino County Service Area 64,San Bernardino County Service Area 64,San Bernardino County Service Area 64,San Bernardino County Service Area 64,San Bernardino County Service Area 64,San Bernardino County Service Area 64Valley County Water District,Valley County Water ,Valley County Water ,Valley County  ,Valley County  ,Valley County  San Jacinto  City of,San Jacinto  City of,San Jacinto  ,San Jacinto  ,San Jacinto  ,San Jacinto  San Gabriel County Water District,San Gabriel County Water ,San Gabriel County Water ,San Gabriel County  ,San Gabriel County  ,San Gabriel County  Santa Ana  City of,Santa Ana  City of,Santa Ana  ,Santa Ana  ,Santa Ana  ,Santa Ana  San Juan Capistrano  City of,San Juan Capistrano  City of,San Juan Capistrano  ,San Juan Capistrano  ,San Juan Capistrano  ,San Juan Capistrano  Serrano Water District,Serrano Water ,Serrano Water ,Serrano  ,Serrano  ,Serrano  Sunny Slope Water Company,Sunny Slope Water Company,Sunny Slope Water Company,Sunny Slope  Company,Sunny Slope  Company,Sunny Slope  CompanySonoma  City of,Sonoma  City of,Sonoma  ,Sonoma  ,Sonoma  ,Sonoma  Sweetwater Authority,Sweetwater Authority,Sweetwater Authority,Sweetwater Authority,Sweetwater Authority,Sweetwater AuthoritySuburban Water Systems San Jose Hills,Suburban Water Systems San Jose Hills,Suburban Water Systems San Jose Hills,Suburban  Systems San Jose Hills,Suburban  Systems San Jose Hills,Suburban  Systems San Jose HillsUkiah  City of,Ukiah  City of,Ukiah  ,Ukiah  ,Ukiah  ,Ukiah  Arcadia  City of,Arcadia  City of,Arcadia  ,Arcadia  ,Arcadia  ,Arcadia  Suburban Water Systems Whittier/La Mirada,Suburban Water Systems Whittier/La Mirada,Suburban Water Systems Whittier/La Mirada,Suburban  Systems Whittier/La Mirada,Suburban  Systems Whittier/La Mirada,Suburban  Systems Whittier/La MiradaGolden State Water Company Artesia,Golden State Water Company Artesia,Golden State Water Company Artesia,Golden State  Company Artesia,Golden State  Company Artesia,Golden State  Company ArtesiaGolden State Water Company Claremont,Golden State Water Company Claremont,Golden State Water Company Claremont,Golden State  Company Claremont,Golden State  Company Claremont,Golden State  Company ClaremontGolden State Water Company Bell-Bell Gardens,Golden State Water Company Bell-Bell Gardens,Golden State Water Company Bell-Bell Gardens,Golden State  Company Bell-Bell Gardens,Golden State  Company Bell-Bell Gardens,Golden State  Company Bell-Bell GardensGolden State Water Company Florence Graham,Golden State Water Company Florence Graham,Golden State Water Company Florence Graham,Golden State  Company Florence Graham,Golden State  Company Florence Graham,Golden State  Company Florence GrahamGolden State Water Company Barstow,Golden State Water Company Barstow,Golden State Water Company Barstow,Golden State  Company Barstow,Golden State  Company Barstow,Golden State  Company BarstowGolden State Water Company Norwalk,Golden State Water Company Norwalk,Golden State Water Company Norwalk,Golden State  Company Norwalk,Golden State  Company Norwalk,Golden State  Company NorwalkUpland  City of,Upland  City of,Upland  ,Upland  ,Upland  ,Upland  Golden State Water Company Simi Valley,Golden State Water Company Simi Valley,Golden State Water Company Simi Valley,Golden State  Company Simi Valley,Golden State  Company Simi Valley,Golden State  Company Simi ValleyGolden State Water Company Southwest,Golden State Water Company Southwest,Golden State Water Company Southwest,Golden State  Company Southwest,Golden State  Company Southwest,Golden State  Company SouthwestGolden State Water Company West Orange,Golden State Water Company West Orange,Golden State Water Company West Orange,Golden State  Company West Orange,Golden State  Company West Orange,Golden State  Company West OrangeGrover Beach  City of,Grover Beach  City of,Grover Beach  ,Grover Beach  ,Grover Beach  ,Grover Beach  Coachella  City of,Coachella  City of,Coachella  ,Coachella  ,Coachella  ,Coachella  Compton  City of,Compton  City of,Compton  ,Compton  ,Compton  ,Compton  Valley Water Company,Valley Water Company,Valley Water Company,Valley  Company,Valley  Company,Valley  CompanyCucamonga Valley Water District,Cucamonga Valley Water ,Cucamonga Valley Water ,Cucamonga Valley  ,Cucamonga Valley  ,Cucamonga Valley  Desert Water Agency,Desert Water Agency,Desert Water Agency,Desert  Agency,Desert  Agency,Desert  AgencyLa Verne  City of,La Verne  City of,La Verne  ,La Verne  ,La Verne  ,La Verne  Fullerton  City of,Fullerton  City of,Fullerton  ,Fullerton  ,Fullerton  ,Fullerton  Sierra Madre  City of,Sierra Madre  City of,Sierra Madre  ,Sierra Madre  ,Sierra Madre  ,Sierra Madre  Georgetown Divide Public Utilities District,Georgetown Divide Public Utilities ,Georgetown Divide Public Utilities ,Georgetown Divide Public Utilities ,Georgetown Divide Public Utilities ,Georgetown Divide Public Utilities Norwalk City of,Norwalk City of,Norwalk ,Norwalk ,Norwalk ,Norwalk Glendora  City of,Glendora  City of,Glendora  ,Glendora  ,Glendora  ,Glendora  Santa Fe Irrigation District,Santa Fe Irrigation ,Santa Fe Irrigation ,Santa Fe Irrigation ,Santa Fe Irrigation ,Santa Fe Irrigation Rosamond Community Service District,Rosamond Community Service ,Rosamond Community Service ,Rosamond Community Service ,Rosamond Community Service ,Rosamond  Service Park Water Company,Park Water Company,Park Water Company,Park  Company,Park  Company,Park  CompanyRio Linda - Elverta Community Water District,Rio Linda - Elverta Community Water ,Rio Linda - Elverta Community Water ,Rio Linda - Elverta Community  ,Rio Linda - Elverta Community  ,Rio Linda - Elverta   Padre Dam Municipal Water District,Padre Dam Municipal Water ,Padre Dam Municipal Water ,Padre Dam Municipal  ,Padre Dam Municipal  ,Padre Dam Municipal  Millbrae  City of,Millbrae  City of,Millbrae  ,Millbrae  ,Millbrae  ,Millbrae  Groveland Community Services District,Groveland Community Services ,Groveland Community Services ,Groveland Community Services ,Groveland Community Services ,Groveland  Services Paramount  City of,Paramount  City of,Paramount  ,Paramount  ,Paramount  ,Paramount  Pasadena  City of,Pasadena  City of,Pasadena  ,Pasadena  ,Pasadena  ,Pasadena  Vernon  City of,Vernon  City of,Vernon  ,Vernon  ,Vernon  ,Vernon  Pico Water District,Pico Water ,Pico Water ,Pico  ,Pico  ,Pico  Palo Alto  City of,Palo Alto  City of,Palo Alto  ,Palo Alto  ,Palo Alto  ,Palo Alto  Rialto  City of,Rialto  City of,Rialto  ,Rialto  ,Rialto  ,Rialto  Santa Paula  City of,Santa Paula  City of,Santa Paula  ,Santa Paula  ,Santa Paula  ,Santa Paula  South Pasadena  City of,South Pasadena  City of,South Pasadena  ,South Pasadena  ,South Pasadena  ,South Pasadena  Torrance  City of,Torrance  City of,Torrance  ,Torrance  ,Torrance  ,Torrance  West Sacramento  City of,West Sacramento  City of,West Sacramento  ,West Sacramento  ,West Sacramento  ,West Sacramento  Fallbrook Public Utility District,Fallbrook Public Utility ,Fallbrook Public Utility ,Fallbrook Public Utility ,Fallbrook Public Utility ,Fallbrook Public Utility Morgan Hill  City of,Morgan Hill  City of,Morgan Hill  ,Morgan Hill  ,Morgan Hill  ,Morgan Hill  Valley Center Municipal Water District,Valley Center Municipal Water ,Valley Center Municipal Water ,Valley Center Municipal  ,Valley Center Municipal  ,Valley Center Municipal  Beaumont-Cherry Valley Water District,Beaumont-Cherry Valley Water ,Beaumont-Cherry Valley Water ,Beaumont-Cherry Valley  ,Beaumont-Cherry Valley  ,Beaumont-Cherry Valley  Redwood City  City of,Redwood City  City of,Redwood City  ,Redwood City  ,Redwood City  ,Redwood City  Lemoore  City of,Lemoore  City of,Lemoore  ,Lemoore  ,Lemoore  ,Lemoore  Reedley  City of,Reedley  City of,Reedley  ,Reedley  ,Reedley  ,Reedley  Golden State Water Company Cordova,Golden State Water Company Cordova,Golden State Water Company Cordova,Golden State  Company Cordova,Golden State  Company Cordova,Golden State  Company CordovaGolden State Water Company Bay Point,Golden State Water Company Bay Point,Golden State Water Company Bay Point,Golden State  Company Bay Point,Golden State  Company Bay Point,Golden State  Company Bay PointGlendale  City of,Glendale  City of,Glendale  ,Glendale  ,Glendale  ,Glendale  Fruitridge Vista Water Company,Fruitridge Vista Water Company,Fruitridge Vista Water Company,Fruitridge Vista  Company,Fruitridge Vista  Company,Fruitridge Vista  CompanyGolden State Water Company Culver City,Golden State Water Company Culver City,Golden State Water Company Culver City,Golden State  Company Culver City,Golden State  Company Culver City,Golden State  Company Culver CityGolden State Water Company S San Gabriel,Golden State Water Company S San Gabriel,Golden State Water Company S San Gabriel,Golden State  Company S San Gabriel,Golden State  Company S San Gabriel,Golden State  Company S San GabrielGalt  City of,Galt  City of,Galt  ,Galt  ,Galt  ,Galt  Golden State Water Company Orcutt,Golden State Water Company Orcutt,Golden State Water Company Orcutt,Golden State  Company Orcutt,Golden State  Company Orcutt,Golden State  Company OrcuttInglewood  City of,Inglewood  City of,Inglewood  ,Inglewood  ,Inglewood  ,Inglewood  Susanville  City of,Susanville  City of,Susanville  ,Susanville  ,Susanville  ,Susanville  South Feather Water and Power Agency,South Feather Water and Power Agency,South Feather Water and Power Agency,South Feather  and Power Agency,South Feather  and Power Agency,South Feather  and Power AgencyRed Bluff  City of,Red Bluff  City of,Red Bluff  ,Red Bluff  ,Red Bluff  ,Red Bluff  El Segundo  City of,El Segundo  City of,El Segundo  ,El Segundo  ,El Segundo  ,El Segundo  Alco Water Service,Alco Water Service,Alco Water Service,Alco  Service,Alco  Service,Alco  Service"Anderson, City of","Anderson, City of","Anderson, ","Anderson, ",Anderson ,Anderson Arvin Community Services District,Arvin Community Services ,Arvin Community Services ,Arvin Community Services ,Arvin Community Services ,Arvin  Services Atascadero Mutual Water Company,Atascadero Mutual Water Company,Atascadero Mutual Water Company,Atascadero Mutual  Company,Atascadero Mutual  Company,Atascadero Mutual  CompanyAtwater  City of,Atwater  City of,Atwater  ,Atwater  ,Atwater  ,Atwater  Bakersfield  City of,Bakersfield  City of,Bakersfield  ,Bakersfield  ,Bakersfield  ,Bakersfield  Bella Vista Water District,Bella Vista Water ,Bella Vista Water ,Bella Vista  ,Bella Vista  ,Bella Vista  Covina  City of ,Covina  City of ,Covina   ,Covina   ,Covina   ,Covina   Del Oro Water Company,Del Oro Water Company,Del Oro Water Company,Del Oro  Company,Del Oro  Company,Del Oro  CompanyDiscovery Bay Community Services District,Discovery Bay Community Services ,Discovery Bay Community Services ,Discovery Bay Community Services ,Discovery Bay Community Services ,Discovery Bay  Services Fairfield  City of,Fairfield  City of,Fairfield  ,Fairfield  ,Fairfield  ,Fairfield  Fillmore  City of,Fillmore  City of,Fillmore  ,Fillmore  ,Fillmore  ,Fillmore  "Greenfield, City of","Greenfield, City of","Greenfield, ","Greenfield, ",Greenfield ,Greenfield Healdsburg  City of,Healdsburg  City of,Healdsburg  ,Healdsburg  ,Healdsburg  ,Healdsburg  "Kingsburg, City of","Kingsburg, City of","Kingsburg, ","Kingsburg, ",Kingsburg ,Kingsburg Lamont Public Utility District,Lamont Public Utility ,Lamont Public Utility ,Lamont Public Utility ,Lamont Public Utility ,Lamont Public Utility "Lathrop, City of ","Lathrop, City of ","Lathrop,  ","Lathrop,  ",Lathrop  ,Lathrop  Lee Lake Water District,Lee Lake Water ,Lee Lake Water ,Lee Lake  ,Lee Lake  ,Lee Lake  Livingston  City of,Livingston  City of,Livingston  ,Livingston  ,Livingston  ,Livingston  Madera County,Madera County,Madera County,Madera County,Madera County,Madera CountyManteca  City of,Manteca  City of,Manteca  ,Manteca  ,Manteca  ,Manteca  Montecito Water District,Montecito Water ,Montecito Water ,Montecito  ,Montecito  ,Montecito  Monterey Park  City of,Monterey Park  City of,Monterey Park  ,Monterey Park  ,Monterey Park  ,Monterey Park  Myoma Dunes Mutual Water Company,Myoma Dunes Mutual Water Company,Myoma Dunes Mutual Water Company,Myoma Dunes Mutual  Company,Myoma Dunes Mutual  Company,Myoma Dunes Mutual  CompanyNorco  City of,Norco  City of,Norco  ,Norco  ,Norco  ,Norco  Oakdale  City of,Oakdale  City of,Oakdale  ,Oakdale  ,Oakdale  ,Oakdale  "Perris, City of","Perris, City of","Perris, ","Perris, ",Perris ,Perris Pinedale County Water District,Pinedale County Water ,Pinedale County Water ,Pinedale County  ,Pinedale County  ,Pinedale County  Porterville  City of,Porterville  City of,Porterville  ,Porterville  ,Porterville  ,Porterville  Redding  City of,Redding  City of,Redding  ,Redding  ,Redding  ,Redding  Ripon  City of,Ripon  City of,Ripon  ,Ripon  ,Ripon  ,Ripon  Riverbank  City of,Riverbank  City of,Riverbank  ,Riverbank  ,Riverbank  ,Riverbank  San Bernardino County Service Area 70,San Bernardino County Service Area 70,San Bernardino County Service Area 70,San Bernardino County Service Area 70,San Bernardino County Service Area 70,San Bernardino County Service Area 70Sanger  City of,Sanger  City of,Sanger  ,Sanger  ,Sanger  ,Sanger  Shasta Lake  City of,Shasta Lake  City of,Shasta Lake  ,Shasta Lake  ,Shasta Lake  ,Shasta Lake  Vallejo  City of,Vallejo  City of,Vallejo  ,Vallejo  ,Vallejo  ,Vallejo  Winton Water & Sanitary District,Winton Water & Sanitary ,Winton Water & Sanitary ,Winton  & Sanitary ,Winton  & Sanitary ,Winton  & Sanitary Big Bear City Community Services District,Big Bear City Community Services ,Big Bear City Community Services ,Big Bear City Community Services ,Big Bear City Community Services ,Big Bear City  Services "Corcoran, City of","Corcoran, City of","Corcoran, ","Corcoran, ",Corcoran ,Corcoran City of Newman Water Department,City of Newman Water Department, Newman Water Department, Newman  Department, Newman  Department, Newman  DepartmentCoalinga City of,Coalinga City of,Coalinga ,Coalinga ,Coalinga ,Coalinga 